<?xml version="1.0" encoding="UTF-8"?>
<site>
   <feature url="features/org.apache.ibatis.ibator_1.2.0.jar" id="org.apache.ibatis.ibator" version="1.2.0">
      <category name="Ibator Version 1.2"/>
   </feature>
   <feature url="features/org.apache.ibatis.ibator_1.2.1.jar" id="org.apache.ibatis.ibator" version="1.2.1">
      <category name="Ibator Version 1.2"/>
   </feature>
   <category-def name="Ibator Version 1.2" label="Ibator Version 1.2">
      <description>
         Versions of the Ibator featured based on Ibator version 1.2 and Eclipse version 3.4.1
      </description>
   </category-def>
</site>
